"Dataset","Series Key","Series","Observation Date","Observation Value","Unit","Observation Status","Observation Status Comment"
"Nominal/Real Effective Exchange Rates Indices of Pak Rupees","TS_GP_ER_REERNEER_M.R00020","Change in REER","31-Jan-2024","2.910083402","Percent","Normal",""
"Nominal/Real Effective Exchange Rates Indices of Pak Rupees","TS_GP_ER_REERNEER_M.R00020","Change in REER","31-Dec-2023",".560805356","Percent","Normal",""
"Nominal/Real Effective Exchange Rates Indices of Pak Rupees","TS_GP_ER_REERNEER_M.R00020","Change in REER","30-Nov-2023","-.244704581","Percent","Normal",""
"Nominal/Real Effective Exchange Rates Indices of Pak Rupees","TS_GP_ER_REERNEER_M.R00020","Change in REER","31-Oct-2023","7.398683475","Percent","Normal",""
"Nominal/Real Effective Exchange Rates Indices of Pak Rupees","TS_GP_ER_REERNEER_M.R00020","Change in REER","30-Sep-2023","1.875987197","Percent","Normal",""
"Nominal/Real Effective Exchange Rates Indices of Pak Rupees","TS_GP_ER_REERNEER_M.R00020","Change in REER","31-Aug-2023","-1.687853796","Percent","Normal",""
"Nominal/Real Effective Exchange Rates Indices of Pak Rupees","TS_GP_ER_REERNEER_M.R00020","Change in REER","31-Jul-2023","4.397896746","Percent","Normal",""
"Nominal/Real Effective Exchange Rates Indices of Pak Rupees","TS_GP_ER_REERNEER_M.R00020","Change in REER","30-Jun-2023",".455972686","Percent","Normal",""
"Nominal/Real Effective Exchange Rates Indices of Pak Rupees","TS_GP_ER_REERNEER_M.R00020","Change in REER","31-May-2023","2.066156941","Percent","Normal",""
"Nominal/Real Effective Exchange Rates Indices of Pak Rupees","TS_GP_ER_REERNEER_M.R00020","Change in REER","30-Apr-2023","-.05030705","Percent","Normal",""
"Nominal/Real Effective Exchange Rates Indices of Pak Rupees","TS_GP_ER_REERNEER_M.R00020","Change in REER","31-Mar-2023","-1.022177668","Percent","Normal",""
"Nominal/Real Effective Exchange Rates Indices of Pak Rupees","TS_GP_ER_REERNEER_M.R00020","Change in REER","28-Feb-2023","-7.952887936","Percent","Normal",""
"Nominal/Real Effective Exchange Rates Indices of Pak Rupees","TS_GP_ER_REERNEER_M.R00020","Change in REER","31-Jan-2023","-3.602659105","Percent","Normal",""
"Nominal/Real Effective Exchange Rates Indices of Pak Rupees","TS_GP_ER_REERNEER_M.R00020","Change in REER","31-Dec-2022","-2.831306999","Percent","Normal",""
"Nominal/Real Effective Exchange Rates Indices of Pak Rupees","TS_GP_ER_REERNEER_M.R00020","Change in REER","30-Nov-2022","-1.237325202","Percent","Normal",""
"Nominal/Real Effective Exchange Rates Indices of Pak Rupees","TS_GP_ER_REERNEER_M.R00020","Change in REER","31-Oct-2022","10.74895269","Percent","Normal",""
"Nominal/Real Effective Exchange Rates Indices of Pak Rupees","TS_GP_ER_REERNEER_M.R00020","Change in REER","30-Sep-2022","-3.630434673","Percent","Normal",""
"Nominal/Real Effective Exchange Rates Indices of Pak Rupees","TS_GP_ER_REERNEER_M.R00020","Change in REER","31-Aug-2022","1.231039788","Percent","Normal",""
"Nominal/Real Effective Exchange Rates Indices of Pak Rupees","TS_GP_ER_REERNEER_M.R00020","Change in REER","31-Jul-2022","-.897186609","Percent","Normal",""
"Nominal/Real Effective Exchange Rates Indices of Pak Rupees","TS_GP_ER_REERNEER_M.R00020","Change in REER","30-Jun-2022",".325761812","Percent","Normal",""
"Nominal/Real Effective Exchange Rates Indices of Pak Rupees","TS_GP_ER_REERNEER_M.R00020","Change in REER","31-May-2022","-2.280035038","Percent","Normal",""
"Nominal/Real Effective Exchange Rates Indices of Pak Rupees","TS_GP_ER_REERNEER_M.R00020","Change in REER","30-Apr-2022","-.394786161","Percent","Normal",""
"Nominal/Real Effective Exchange Rates Indices of Pak Rupees","TS_GP_ER_REERNEER_M.R00020","Change in REER","31-Mar-2022","-1.394767244","Percent","Normal",""
"Nominal/Real Effective Exchange Rates Indices of Pak Rupees","TS_GP_ER_REERNEER_M.R00020","Change in REER","28-Feb-2022",".745784052","Percent","Normal",""
"Nominal/Real Effective Exchange Rates Indices of Pak Rupees","TS_GP_ER_REERNEER_M.R00020","Change in REER","31-Jan-2022",".02758824","Percent","Normal",""
"Nominal/Real Effective Exchange Rates Indices of Pak Rupees","TS_GP_ER_REERNEER_M.R00020","Change in REER","31-Dec-2021","-1.853899037","Percent","Normal",""
"Nominal/Real Effective Exchange Rates Indices of Pak Rupees","TS_GP_ER_REERNEER_M.R00020","Change in REER","30-Nov-2021","2.252337111","Percent","Normal",""
"Nominal/Real Effective Exchange Rates Indices of Pak Rupees","TS_GP_ER_REERNEER_M.R00020","Change in REER","31-Oct-2021","-.354532696","Percent","Normal",""
"Nominal/Real Effective Exchange Rates Indices of Pak Rupees","TS_GP_ER_REERNEER_M.R00020","Change in REER","30-Sep-2021","-.728350558","Percent","Normal",""
"Nominal/Real Effective Exchange Rates Indices of Pak Rupees","TS_GP_ER_REERNEER_M.R00020","Change in REER","31-Aug-2021","-2.133284737","Percent","Normal",""
"Nominal/Real Effective Exchange Rates Indices of Pak Rupees","TS_GP_ER_REERNEER_M.R00020","Change in REER","31-Jul-2021","-.397457453","Percent","Normal",""
"Nominal/Real Effective Exchange Rates Indices of Pak Rupees","TS_GP_ER_REERNEER_M.R00020","Change in REER","30-Jun-2021","-2.381769146","Percent","Normal",""
"Nominal/Real Effective Exchange Rates Indices of Pak Rupees","TS_GP_ER_REERNEER_M.R00020","Change in REER","31-May-2021","-.683896832","Percent","Normal",""
"Nominal/Real Effective Exchange Rates Indices of Pak Rupees","TS_GP_ER_REERNEER_M.R00020","Change in REER","30-Apr-2021","2.38383924","Percent","Normal",""
"Nominal/Real Effective Exchange Rates Indices of Pak Rupees","TS_GP_ER_REERNEER_M.R00020","Change in REER","31-Mar-2021","3.48150354","Percent","Normal",""
"Nominal/Real Effective Exchange Rates Indices of Pak Rupees","TS_GP_ER_REERNEER_M.R00020","Change in REER","28-Feb-2021","2.148780115","Percent","Normal",""
"Nominal/Real Effective Exchange Rates Indices of Pak Rupees","TS_GP_ER_REERNEER_M.R00020","Change in REER","31-Jan-2021","-1.249805451","Percent","Normal",""
"Nominal/Real Effective Exchange Rates Indices of Pak Rupees","TS_GP_ER_REERNEER_M.R00020","Change in REER","31-Dec-2020","-3.064789253","Percent","Normal",""
"Nominal/Real Effective Exchange Rates Indices of Pak Rupees","TS_GP_ER_REERNEER_M.R00020","Change in REER","30-Nov-2020","2.241669988","Percent","Normal",""
"Nominal/Real Effective Exchange Rates Indices of Pak Rupees","TS_GP_ER_REERNEER_M.R00020","Change in REER","31-Oct-2020","3.178233223","Percent","Normal",""
"Nominal/Real Effective Exchange Rates Indices of Pak Rupees","TS_GP_ER_REERNEER_M.R00020","Change in REER","30-Sep-2020","2.540467557","Percent","Normal",""
"Nominal/Real Effective Exchange Rates Indices of Pak Rupees","TS_GP_ER_REERNEER_M.R00020","Change in REER","31-Aug-2020","-1.766274529","Percent","Normal",""
"Nominal/Real Effective Exchange Rates Indices of Pak Rupees","TS_GP_ER_REERNEER_M.R00020","Change in REER","31-Jul-2020",".160936494","Percent","Normal",""
"Nominal/Real Effective Exchange Rates Indices of Pak Rupees","TS_GP_ER_REERNEER_M.R00020","Change in REER","30-Jun-2020","-3.915887912","Percent","Normal",""
"Nominal/Real Effective Exchange Rates Indices of Pak Rupees","TS_GP_ER_REERNEER_M.R00020","Change in REER","31-May-2020","2.777152812","Percent","Normal",""
"Nominal/Real Effective Exchange Rates Indices of Pak Rupees","TS_GP_ER_REERNEER_M.R00020","Change in REER","30-Apr-2020","-2.424634388","Percent","Normal",""
"Nominal/Real Effective Exchange Rates Indices of Pak Rupees","TS_GP_ER_REERNEER_M.R00020","Change in REER","31-Mar-2020","-1.36438191","Percent","Normal",""
"Nominal/Real Effective Exchange Rates Indices of Pak Rupees","TS_GP_ER_REERNEER_M.R00020","Change in REER","29-Feb-2020",".016168342","Percent","Normal",""
"Nominal/Real Effective Exchange Rates Indices of Pak Rupees","TS_GP_ER_REERNEER_M.R00020","Change in REER","31-Jan-2020","1.165098347","Percent","Normal",""
"Nominal/Real Effective Exchange Rates Indices of Pak Rupees","TS_GP_ER_REERNEER_M.R00020","Change in REER","31-Dec-2019","-.246957504","Percent","Normal",""
"Nominal/Real Effective Exchange Rates Indices of Pak Rupees","TS_GP_ER_REERNEER_M.R00020","Change in REER","30-Nov-2019","1.148781978","Percent","Normal",""
"Nominal/Real Effective Exchange Rates Indices of Pak Rupees","TS_GP_ER_REERNEER_M.R00020","Change in REER","31-Oct-2019","1.276428281","Percent","Normal",""
"Nominal/Real Effective Exchange Rates Indices of Pak Rupees","TS_GP_ER_REERNEER_M.R00020","Change in REER","30-Sep-2019","1.888557318","Percent","Normal",""
"Nominal/Real Effective Exchange Rates Indices of Pak Rupees","TS_GP_ER_REERNEER_M.R00020","Change in REER","31-Aug-2019","3.613133536","Percent","Normal",""
"Nominal/Real Effective Exchange Rates Indices of Pak Rupees","TS_GP_ER_REERNEER_M.R00020","Change in REER","31-Jul-2019","-1.456333133","Percent","Normal",""
"Nominal/Real Effective Exchange Rates Indices of Pak Rupees","TS_GP_ER_REERNEER_M.R00020","Change in REER","30-Jun-2019","-4.850791215","Percent","Normal",""
"Nominal/Real Effective Exchange Rates Indices of Pak Rupees","TS_GP_ER_REERNEER_M.R00020","Change in REER","31-May-2019","-1.316893141","Percent","Normal",""
"Nominal/Real Effective Exchange Rates Indices of Pak Rupees","TS_GP_ER_REERNEER_M.R00020","Change in REER","30-Apr-2019","-.263700684","Percent","Normal",""
"Nominal/Real Effective Exchange Rates Indices of Pak Rupees","TS_GP_ER_REERNEER_M.R00020","Change in REER","31-Mar-2019",".89361989","Percent","Normal",""
"Nominal/Real Effective Exchange Rates Indices of Pak Rupees","TS_GP_ER_REERNEER_M.R00020","Change in REER","28-Feb-2019","-.102454864","Percent","Normal",""
"Nominal/Real Effective Exchange Rates Indices of Pak Rupees","TS_GP_ER_REERNEER_M.R00020","Change in REER","31-Jan-2019","-.029814605","Percent","Normal",""
"Nominal/Real Effective Exchange Rates Indices of Pak Rupees","TS_GP_ER_REERNEER_M.R00020","Change in REER","31-Dec-2018","-4.141485629","Percent","Normal",""
"Nominal/Real Effective Exchange Rates Indices of Pak Rupees","TS_GP_ER_REERNEER_M.R00020","Change in REER","30-Nov-2018","-1.566853528","Percent","Normal",""
"Nominal/Real Effective Exchange Rates Indices of Pak Rupees","TS_GP_ER_REERNEER_M.R00020","Change in REER","31-Oct-2018","-2.632745009","Percent","Normal",""
"Nominal/Real Effective Exchange Rates Indices of Pak Rupees","TS_GP_ER_REERNEER_M.R00020","Change in REER","30-Sep-2018","-.574663511","Percent","Normal",""
"Nominal/Real Effective Exchange Rates Indices of Pak Rupees","TS_GP_ER_REERNEER_M.R00020","Change in REER","31-Aug-2018","2.022945449","Percent","Normal",""
"Nominal/Real Effective Exchange Rates Indices of Pak Rupees","TS_GP_ER_REERNEER_M.R00020","Change in REER","31-Jul-2018","-2.002686292","Percent","Normal",""
"Nominal/Real Effective Exchange Rates Indices of Pak Rupees","TS_GP_ER_REERNEER_M.R00020","Change in REER","30-Jun-2018","-1.831981528","Percent","Normal",""
"Nominal/Real Effective Exchange Rates Indices of Pak Rupees","TS_GP_ER_REERNEER_M.R00020","Change in REER","31-May-2018","2.327867386","Percent","Normal",""
"Nominal/Real Effective Exchange Rates Indices of Pak Rupees","TS_GP_ER_REERNEER_M.R00020","Change in REER","30-Apr-2018","-.768256359","Percent","Normal",""
"Nominal/Real Effective Exchange Rates Indices of Pak Rupees","TS_GP_ER_REERNEER_M.R00020","Change in REER","31-Mar-2018","-1.165988483","Percent","Normal",""
"Nominal/Real Effective Exchange Rates Indices of Pak Rupees","TS_GP_ER_REERNEER_M.R00020","Change in REER","28-Feb-2018","-1.899994783","Percent","Normal",""
"Nominal/Real Effective Exchange Rates Indices of Pak Rupees","TS_GP_ER_REERNEER_M.R00020","Change in REER","31-Jan-2018","-3.817651815","Percent","Normal",""
"Nominal/Real Effective Exchange Rates Indices of Pak Rupees","TS_GP_ER_REERNEER_M.R00020","Change in REER","31-Dec-2017","-4.074734519","Percent","Normal",""
"Nominal/Real Effective Exchange Rates Indices of Pak Rupees","TS_GP_ER_REERNEER_M.R00020","Change in REER","30-Nov-2017",".525126618","Percent","Normal",""
"Nominal/Real Effective Exchange Rates Indices of Pak Rupees","TS_GP_ER_REERNEER_M.R00020","Change in REER","31-Oct-2017","1.636021139","Percent","Normal",""
"Nominal/Real Effective Exchange Rates Indices of Pak Rupees","TS_GP_ER_REERNEER_M.R00020","Change in REER","30-Sep-2017","-.654893474","Percent","Normal",""
"Nominal/Real Effective Exchange Rates Indices of Pak Rupees","TS_GP_ER_REERNEER_M.R00020","Change in REER","31-Aug-2017","-1.196696442","Percent","Normal",""
"Nominal/Real Effective Exchange Rates Indices of Pak Rupees","TS_GP_ER_REERNEER_M.R00020","Change in REER","31-Jul-2017","-1.070498371","Percent","Normal",""
"Nominal/Real Effective Exchange Rates Indices of Pak Rupees","TS_GP_ER_REERNEER_M.R00020","Change in REER","30-Jun-2017","-1.34455326","Percent","Normal",""
"Nominal/Real Effective Exchange Rates Indices of Pak Rupees","TS_GP_ER_REERNEER_M.R00020","Change in REER","31-May-2017","-.64761395","Percent","Normal",""
"Nominal/Real Effective Exchange Rates Indices of Pak Rupees","TS_GP_ER_REERNEER_M.R00020","Change in REER","30-Apr-2017",".723123244","Percent","Normal",""
"Nominal/Real Effective Exchange Rates Indices of Pak Rupees","TS_GP_ER_REERNEER_M.R00020","Change in REER","31-Mar-2017",".618479324","Percent","Normal",""
"Nominal/Real Effective Exchange Rates Indices of Pak Rupees","TS_GP_ER_REERNEER_M.R00020","Change in REER","28-Feb-2017","-.572276705","Percent","Normal",""
"Nominal/Real Effective Exchange Rates Indices of Pak Rupees","TS_GP_ER_REERNEER_M.R00020","Change in REER","31-Jan-2017","-.5117194","Percent","Normal",""
"Nominal/Real Effective Exchange Rates Indices of Pak Rupees","TS_GP_ER_REERNEER_M.R00020","Change in REER","31-Dec-2016",".766962236","Percent","Normal",""
"Nominal/Real Effective Exchange Rates Indices of Pak Rupees","TS_GP_ER_REERNEER_M.R00020","Change in REER","30-Nov-2016","1.671086387","Percent","Normal",""
"Nominal/Real Effective Exchange Rates Indices of Pak Rupees","TS_GP_ER_REERNEER_M.R00020","Change in REER","31-Oct-2016","1.599773658","Percent","Normal",""
"Nominal/Real Effective Exchange Rates Indices of Pak Rupees","TS_GP_ER_REERNEER_M.R00020","Change in REER","30-Sep-2016",".209262774","Percent","Normal",""
"Nominal/Real Effective Exchange Rates Indices of Pak Rupees","TS_GP_ER_REERNEER_M.R00020","Change in REER","31-Aug-2016","-.909529789","Percent","Normal",""
"Nominal/Real Effective Exchange Rates Indices of Pak Rupees","TS_GP_ER_REERNEER_M.R00020","Change in REER","31-Jul-2016","1.69260864","Percent","Normal",""
"Nominal/Real Effective Exchange Rates Indices of Pak Rupees","TS_GP_ER_REERNEER_M.R00020","Change in REER","30-Jun-2016","1.03524408","Percent","Normal",""
"Nominal/Real Effective Exchange Rates Indices of Pak Rupees","TS_GP_ER_REERNEER_M.R00020","Change in REER","31-May-2016",".168646714","Percent","Normal",""
"Nominal/Real Effective Exchange Rates Indices of Pak Rupees","TS_GP_ER_REERNEER_M.R00020","Change in REER","30-Apr-2016",".237958318","Percent","Normal",""
"Nominal/Real Effective Exchange Rates Indices of Pak Rupees","TS_GP_ER_REERNEER_M.R00020","Change in REER","31-Mar-2016","-1.012548369","Percent","Normal",""
"Nominal/Real Effective Exchange Rates Indices of Pak Rupees","TS_GP_ER_REERNEER_M.R00020","Change in REER","29-Feb-2016","-1.491014942","Percent","Normal",""
"Nominal/Real Effective Exchange Rates Indices of Pak Rupees","TS_GP_ER_REERNEER_M.R00020","Change in REER","31-Jan-2016","1.039849613","Percent","Normal",""
"Nominal/Real Effective Exchange Rates Indices of Pak Rupees","TS_GP_ER_REERNEER_M.R00020","Change in REER","31-Dec-2015",".439665203","Percent","Normal",""
"Nominal/Real Effective Exchange Rates Indices of Pak Rupees","TS_GP_ER_REERNEER_M.R00020","Change in REER","30-Nov-2015","1.057704057","Percent","Normal",""
"Nominal/Real Effective Exchange Rates Indices of Pak Rupees","TS_GP_ER_REERNEER_M.R00020","Change in REER","31-Oct-2015","-.270836108","Percent","Normal",""
"Nominal/Real Effective Exchange Rates Indices of Pak Rupees","TS_GP_ER_REERNEER_M.R00020","Change in REER","30-Sep-2015","-1.336443003","Percent","Normal",""
"Nominal/Real Effective Exchange Rates Indices of Pak Rupees","TS_GP_ER_REERNEER_M.R00020","Change in REER","31-Aug-2015",".949082752","Percent","Normal",""
"Nominal/Real Effective Exchange Rates Indices of Pak Rupees","TS_GP_ER_REERNEER_M.R00020","Change in REER","31-Jul-2015",".999336741","Percent","Normal",""
"Nominal/Real Effective Exchange Rates Indices of Pak Rupees","TS_GP_ER_REERNEER_M.R00020","Change in REER","30-Jun-2015",".96665465","Percent","Normal",""
"Nominal/Real Effective Exchange Rates Indices of Pak Rupees","TS_GP_ER_REERNEER_M.R00020","Change in REER","31-May-2015","-.325683607","Percent","Normal",""
"Nominal/Real Effective Exchange Rates Indices of Pak Rupees","TS_GP_ER_REERNEER_M.R00020","Change in REER","30-Apr-2015","-.004855077","Percent","Normal",""
"Nominal/Real Effective Exchange Rates Indices of Pak Rupees","TS_GP_ER_REERNEER_M.R00020","Change in REER","31-Mar-2015","1.024644487","Percent","Normal",""
"Nominal/Real Effective Exchange Rates Indices of Pak Rupees","TS_GP_ER_REERNEER_M.R00020","Change in REER","28-Feb-2015","-.242254974","Percent","Normal",""
"Nominal/Real Effective Exchange Rates Indices of Pak Rupees","TS_GP_ER_REERNEER_M.R00020","Change in REER","31-Jan-2015","1.895249782","Percent","Normal",""
"Nominal/Real Effective Exchange Rates Indices of Pak Rupees","TS_GP_ER_REERNEER_M.R00020","Change in REER","31-Dec-2014",".996669321","Percent","Normal",""
"Nominal/Real Effective Exchange Rates Indices of Pak Rupees","TS_GP_ER_REERNEER_M.R00020","Change in REER","30-Nov-2014","1.504562843","Percent","Normal",""
"Nominal/Real Effective Exchange Rates Indices of Pak Rupees","TS_GP_ER_REERNEER_M.R00020","Change in REER","31-Oct-2014",".667700297","Percent","Normal",""
"Nominal/Real Effective Exchange Rates Indices of Pak Rupees","TS_GP_ER_REERNEER_M.R00020","Change in REER","30-Sep-2014","-.933107058","Percent","Normal",""
"Nominal/Real Effective Exchange Rates Indices of Pak Rupees","TS_GP_ER_REERNEER_M.R00020","Change in REER","31-Aug-2014","-.610775723","Percent","Normal",""
"Nominal/Real Effective Exchange Rates Indices of Pak Rupees","TS_GP_ER_REERNEER_M.R00020","Change in REER","31-Jul-2014","1.293628662","Percent","Normal",""
"Nominal/Real Effective Exchange Rates Indices of Pak Rupees","TS_GP_ER_REERNEER_M.R00020","Change in REER","30-Jun-2014",".941123915","Percent","Normal",""
"Nominal/Real Effective Exchange Rates Indices of Pak Rupees","TS_GP_ER_REERNEER_M.R00020","Change in REER","31-May-2014","-1.543613995","Percent","Normal",""
"Nominal/Real Effective Exchange Rates Indices of Pak Rupees","TS_GP_ER_REERNEER_M.R00020","Change in REER","30-Apr-2014","3.314724108","Percent","Normal",""
"Nominal/Real Effective Exchange Rates Indices of Pak Rupees","TS_GP_ER_REERNEER_M.R00020","Change in REER","31-Mar-2014","5.426090067","Percent","Normal",""
"Nominal/Real Effective Exchange Rates Indices of Pak Rupees","TS_GP_ER_REERNEER_M.R00020","Change in REER","28-Feb-2014",".206515265","Percent","Normal",""
"Nominal/Real Effective Exchange Rates Indices of Pak Rupees","TS_GP_ER_REERNEER_M.R00020","Change in REER","31-Jan-2014","2.166534276","Percent","Normal",""
"Nominal/Real Effective Exchange Rates Indices of Pak Rupees","TS_GP_ER_REERNEER_M.R00020","Change in REER","31-Dec-2013","-1.234195839","Percent","Normal",""
"Nominal/Real Effective Exchange Rates Indices of Pak Rupees","TS_GP_ER_REERNEER_M.R00020","Change in REER","30-Nov-2013",".587099799","Percent","Normal",""
"Nominal/Real Effective Exchange Rates Indices of Pak Rupees","TS_GP_ER_REERNEER_M.R00020","Change in REER","31-Oct-2013",".041056497","Percent","Normal",""
"Nominal/Real Effective Exchange Rates Indices of Pak Rupees","TS_GP_ER_REERNEER_M.R00020","Change in REER","30-Sep-2013","-3.123045544","Percent","Normal",""
"Nominal/Real Effective Exchange Rates Indices of Pak Rupees","TS_GP_ER_REERNEER_M.R00020","Change in REER","31-Aug-2013","-1.322144582","Percent","Normal",""
"Nominal/Real Effective Exchange Rates Indices of Pak Rupees","TS_GP_ER_REERNEER_M.R00020","Change in REER","31-Jul-2013",".459532249","Percent","Normal",""
"Nominal/Real Effective Exchange Rates Indices of Pak Rupees","TS_GP_ER_REERNEER_M.R00020","Change in REER","30-Jun-2013",".320749413","Percent","Normal",""
"Nominal/Real Effective Exchange Rates Indices of Pak Rupees","TS_GP_ER_REERNEER_M.R00020","Change in REER","31-May-2013",".464466704","Percent","Normal",""
"Nominal/Real Effective Exchange Rates Indices of Pak Rupees","TS_GP_ER_REERNEER_M.R00020","Change in REER","30-Apr-2013",".037515292","Percent","Normal",""
"Nominal/Real Effective Exchange Rates Indices of Pak Rupees","TS_GP_ER_REERNEER_M.R00020","Change in REER","31-Mar-2013","1.159632589","Percent","Normal",""
"Nominal/Real Effective Exchange Rates Indices of Pak Rupees","TS_GP_ER_REERNEER_M.R00020","Change in REER","28-Feb-2013","-.214543325","Percent","Normal",""
"Nominal/Real Effective Exchange Rates Indices of Pak Rupees","TS_GP_ER_REERNEER_M.R00020","Change in REER","31-Jan-2013","","Percent","Missing value",""
"Nominal/Real Effective Exchange Rates Indices of Pak Rupees","TS_GP_ER_REERNEER_M.R00020","Change in REER","31-Dec-2012","-1.657582187","Percent","Normal",""
"Nominal/Real Effective Exchange Rates Indices of Pak Rupees","TS_GP_ER_REERNEER_M.R00020","Change in REER","30-Nov-2012","-.325015369","Percent","Normal",""
"Nominal/Real Effective Exchange Rates Indices of Pak Rupees","TS_GP_ER_REERNEER_M.R00020","Change in REER","31-Oct-2012","-.972119224","Percent","Normal",""
"Nominal/Real Effective Exchange Rates Indices of Pak Rupees","TS_GP_ER_REERNEER_M.R00020","Change in REER","30-Sep-2012","-1.222667199","Percent","Normal",""
"Nominal/Real Effective Exchange Rates Indices of Pak Rupees","TS_GP_ER_REERNEER_M.R00020","Change in REER","31-Aug-2012","-.190486999","Percent","Normal",""
"Nominal/Real Effective Exchange Rates Indices of Pak Rupees","TS_GP_ER_REERNEER_M.R00020","Change in REER","31-Jul-2012","-.191984999","Percent","Normal",""
"Nominal/Real Effective Exchange Rates Indices of Pak Rupees","TS_GP_ER_REERNEER_M.R00020","Change in REER","30-Jun-2012","-1.791154901","Percent","Normal",""
"Nominal/Real Effective Exchange Rates Indices of Pak Rupees","TS_GP_ER_REERNEER_M.R00020","Change in REER","31-May-2012","1.542939421","Percent","Normal",""
"Nominal/Real Effective Exchange Rates Indices of Pak Rupees","TS_GP_ER_REERNEER_M.R00020","Change in REER","30-Apr-2012","1.604482569","Percent","Normal",""
"Nominal/Real Effective Exchange Rates Indices of Pak Rupees","TS_GP_ER_REERNEER_M.R00020","Change in REER","31-Mar-2012","1.11520528","Percent","Normal",""
"Nominal/Real Effective Exchange Rates Indices of Pak Rupees","TS_GP_ER_REERNEER_M.R00020","Change in REER","29-Feb-2012","-1.719021912","Percent","Normal",""
"Nominal/Real Effective Exchange Rates Indices of Pak Rupees","TS_GP_ER_REERNEER_M.R00020","Change in REER","31-Jan-2012",".538863","Percent","Normal",""
"Nominal/Real Effective Exchange Rates Indices of Pak Rupees","TS_GP_ER_REERNEER_M.R00020","Change in REER","31-Dec-2011","-2.524247471","Percent","Normal",""
"Nominal/Real Effective Exchange Rates Indices of Pak Rupees","TS_GP_ER_REERNEER_M.R00020","Change in REER","30-Nov-2011",".547904702","Percent","Normal",""
"Nominal/Real Effective Exchange Rates Indices of Pak Rupees","TS_GP_ER_REERNEER_M.R00020","Change in REER","31-Oct-2011","2.487397866","Percent","Normal",""
"Nominal/Real Effective Exchange Rates Indices of Pak Rupees","TS_GP_ER_REERNEER_M.R00020","Change in REER","30-Sep-2011","1.810930183","Percent","Normal",""
"Nominal/Real Effective Exchange Rates Indices of Pak Rupees","TS_GP_ER_REERNEER_M.R00020","Change in REER","31-Aug-2011",".089448722","Percent","Normal",""
"Nominal/Real Effective Exchange Rates Indices of Pak Rupees","TS_GP_ER_REERNEER_M.R00020","Change in REER","31-Jul-2011",".865995515","Percent","Normal",""
"Nominal/Real Effective Exchange Rates Indices of Pak Rupees","TS_GP_ER_REERNEER_M.R00020","Change in REER","30-Jun-2011",".113629569","Percent","Normal",""
"Nominal/Real Effective Exchange Rates Indices of Pak Rupees","TS_GP_ER_REERNEER_M.R00020","Change in REER","31-May-2011","-.726861514","Percent","Normal",""
"Nominal/Real Effective Exchange Rates Indices of Pak Rupees","TS_GP_ER_REERNEER_M.R00020","Change in REER","30-Apr-2011",".43331538","Percent","Normal",""
"Nominal/Real Effective Exchange Rates Indices of Pak Rupees","TS_GP_ER_REERNEER_M.R00020","Change in REER","31-Mar-2011","-.108554181","Percent","Normal",""
"Nominal/Real Effective Exchange Rates Indices of Pak Rupees","TS_GP_ER_REERNEER_M.R00020","Change in REER","28-Feb-2011","-1.39933138","Percent","Normal",""
"Nominal/Real Effective Exchange Rates Indices of Pak Rupees","TS_GP_ER_REERNEER_M.R00020","Change in REER","31-Jan-2011",".334869722","Percent","Normal",""
"Nominal/Real Effective Exchange Rates Indices of Pak Rupees","TS_GP_ER_REERNEER_M.R00020","Change in REER","31-Dec-2010",".349764397","Percent","Normal",""
"Nominal/Real Effective Exchange Rates Indices of Pak Rupees","TS_GP_ER_REERNEER_M.R00020","Change in REER","30-Nov-2010","1.646520871","Percent","Normal",""
"Nominal/Real Effective Exchange Rates Indices of Pak Rupees","TS_GP_ER_REERNEER_M.R00020","Change in REER","31-Oct-2010","-2.223771959","Percent","Normal",""
"Nominal/Real Effective Exchange Rates Indices of Pak Rupees","TS_GP_ER_REERNEER_M.R00020","Change in REER","30-Sep-2010",".624829258","Percent","Normal",""
"Nominal/Real Effective Exchange Rates Indices of Pak Rupees","TS_GP_ER_REERNEER_M.R00020","Change in REER","31-Aug-2010",".853036246","Percent","Normal",""
"Nominal/Real Effective Exchange Rates Indices of Pak Rupees","TS_GP_ER_REERNEER_M.R00020","Change in REER","31-Jul-2010","-.267729338","Percent","Normal",""
"Nominal/Real Effective Exchange Rates Indices of Pak Rupees","TS_GP_ER_REERNEER_M.R00020","Change in REER","30-Jun-2010",".165349577","Percent","Normal",""
"Nominal/Real Effective Exchange Rates Indices of Pak Rupees","TS_GP_ER_REERNEER_M.R00020","Change in REER","31-May-2010","2.024227426","Percent","Normal",""
"Nominal/Real Effective Exchange Rates Indices of Pak Rupees","TS_GP_ER_REERNEER_M.R00020","Change in REER","30-Apr-2010","2.123132839","Percent","Normal",""
"Nominal/Real Effective Exchange Rates Indices of Pak Rupees","TS_GP_ER_REERNEER_M.R00020","Change in REER","31-Mar-2010","1.603844445","Percent","Normal",""
"Nominal/Real Effective Exchange Rates Indices of Pak Rupees","TS_GP_ER_REERNEER_M.R00020","Change in REER","28-Feb-2010","1.070384211","Percent","Normal",""
"Nominal/Real Effective Exchange Rates Indices of Pak Rupees","TS_GP_ER_REERNEER_M.R00020","Change in REER","31-Jan-2010","2.275360426","Percent","Normal",""
"Nominal/Real Effective Exchange Rates Indices of Pak Rupees","TS_GP_ER_REERNEER_M.R00020","Change in REER","31-Dec-2009","-.836609593","Percent","Normal",""
"Nominal/Real Effective Exchange Rates Indices of Pak Rupees","TS_GP_ER_REERNEER_M.R00020","Change in REER","30-Nov-2009",".378069112","Percent","Normal",""
"Nominal/Real Effective Exchange Rates Indices of Pak Rupees","TS_GP_ER_REERNEER_M.R00020","Change in REER","31-Oct-2009","-1.080270469","Percent","Normal",""
"Nominal/Real Effective Exchange Rates Indices of Pak Rupees","TS_GP_ER_REERNEER_M.R00020","Change in REER","30-Sep-2009","-1.031394863","Percent","Normal",""
"Nominal/Real Effective Exchange Rates Indices of Pak Rupees","TS_GP_ER_REERNEER_M.R00020","Change in REER","31-Aug-2009","-.161327125","Percent","Normal",""
"Nominal/Real Effective Exchange Rates Indices of Pak Rupees","TS_GP_ER_REERNEER_M.R00020","Change in REER","31-Jul-2009","-.094976192","Percent","Normal",""
"Nominal/Real Effective Exchange Rates Indices of Pak Rupees","TS_GP_ER_REERNEER_M.R00020","Change in REER","30-Jun-2009","-1.117254782","Percent","Normal",""
"Nominal/Real Effective Exchange Rates Indices of Pak Rupees","TS_GP_ER_REERNEER_M.R00020","Change in REER","31-May-2009","-2.679553492","Percent","Normal",""
"Nominal/Real Effective Exchange Rates Indices of Pak Rupees","TS_GP_ER_REERNEER_M.R00020","Change in REER","30-Apr-2009","-.778529863","Percent","Normal",""
"Nominal/Real Effective Exchange Rates Indices of Pak Rupees","TS_GP_ER_REERNEER_M.R00020","Change in REER","31-Mar-2009","-.533031619","Percent","Normal",""
"Nominal/Real Effective Exchange Rates Indices of Pak Rupees","TS_GP_ER_REERNEER_M.R00020","Change in REER","28-Feb-2009","2.587367134","Percent","Normal",""
"Nominal/Real Effective Exchange Rates Indices of Pak Rupees","TS_GP_ER_REERNEER_M.R00020","Change in REER","31-Jan-2009",".558422506","Percent","Normal",""
"Nominal/Real Effective Exchange Rates Indices of Pak Rupees","TS_GP_ER_REERNEER_M.R00020","Change in REER","31-Dec-2008","-.18073771","Percent","Normal",""
"Nominal/Real Effective Exchange Rates Indices of Pak Rupees","TS_GP_ER_REERNEER_M.R00020","Change in REER","30-Nov-2008","3.21462074","Percent","Normal",""
"Nominal/Real Effective Exchange Rates Indices of Pak Rupees","TS_GP_ER_REERNEER_M.R00020","Change in REER","31-Oct-2008","1.421997946","Percent","Normal",""
"Nominal/Real Effective Exchange Rates Indices of Pak Rupees","TS_GP_ER_REERNEER_M.R00020","Change in REER","30-Sep-2008","-.810377811","Percent","Normal",""
"Nominal/Real Effective Exchange Rates Indices of Pak Rupees","TS_GP_ER_REERNEER_M.R00020","Change in REER","31-Aug-2008","-1.159019301","Percent","Normal",""
"Nominal/Real Effective Exchange Rates Indices of Pak Rupees","TS_GP_ER_REERNEER_M.R00020","Change in REER","31-Jul-2008","-1.562496433","Percent","Normal",""
"Nominal/Real Effective Exchange Rates Indices of Pak Rupees","TS_GP_ER_REERNEER_M.R00020","Change in REER","30-Jun-2008","2.296398138","Percent","Normal",""
"Nominal/Real Effective Exchange Rates Indices of Pak Rupees","TS_GP_ER_REERNEER_M.R00020","Change in REER","31-May-2008","-3.666348802","Percent","Normal",""
"Nominal/Real Effective Exchange Rates Indices of Pak Rupees","TS_GP_ER_REERNEER_M.R00020","Change in REER","30-Apr-2008","1.069849758","Percent","Normal",""
"Nominal/Real Effective Exchange Rates Indices of Pak Rupees","TS_GP_ER_REERNEER_M.R00020","Change in REER","31-Mar-2008",".216435828","Percent","Normal",""
"Nominal/Real Effective Exchange Rates Indices of Pak Rupees","TS_GP_ER_REERNEER_M.R00020","Change in REER","29-Feb-2008","-1.132419393","Percent","Normal",""
"Nominal/Real Effective Exchange Rates Indices of Pak Rupees","TS_GP_ER_REERNEER_M.R00020","Change in REER","31-Jan-2008","-1.13338372","Percent","Normal",""
"Nominal/Real Effective Exchange Rates Indices of Pak Rupees","TS_GP_ER_REERNEER_M.R00020","Change in REER","31-Dec-2007",".529121441","Percent","Normal",""
"Nominal/Real Effective Exchange Rates Indices of Pak Rupees","TS_GP_ER_REERNEER_M.R00020","Change in REER","30-Nov-2007","-2.321308653","Percent","Normal",""
"Nominal/Real Effective Exchange Rates Indices of Pak Rupees","TS_GP_ER_REERNEER_M.R00020","Change in REER","31-Oct-2007","-.664997998","Percent","Normal",""
"Nominal/Real Effective Exchange Rates Indices of Pak Rupees","TS_GP_ER_REERNEER_M.R00020","Change in REER","30-Sep-2007",".520510589","Percent","Normal",""
"Nominal/Real Effective Exchange Rates Indices of Pak Rupees","TS_GP_ER_REERNEER_M.R00020","Change in REER","31-Aug-2007","1.17919047","Percent","Normal",""
"Nominal/Real Effective Exchange Rates Indices of Pak Rupees","TS_GP_ER_REERNEER_M.R00020","Change in REER","31-Jul-2007",".023140515","Percent","Normal",""
"Nominal/Real Effective Exchange Rates Indices of Pak Rupees","TS_GP_ER_REERNEER_M.R00020","Change in REER","30-Jun-2007",".213000131","Percent","Normal",""
"Nominal/Real Effective Exchange Rates Indices of Pak Rupees","TS_GP_ER_REERNEER_M.R00020","Change in REER","31-May-2007",".444816872","Percent","Normal",""
"Nominal/Real Effective Exchange Rates Indices of Pak Rupees","TS_GP_ER_REERNEER_M.R00020","Change in REER","30-Apr-2007","-1.197713395","Percent","Normal",""
"Nominal/Real Effective Exchange Rates Indices of Pak Rupees","TS_GP_ER_REERNEER_M.R00020","Change in REER","31-Mar-2007","-.358861449","Percent","Normal",""
"Nominal/Real Effective Exchange Rates Indices of Pak Rupees","TS_GP_ER_REERNEER_M.R00020","Change in REER","28-Feb-2007",".443060078","Percent","Normal",""
"Nominal/Real Effective Exchange Rates Indices of Pak Rupees","TS_GP_ER_REERNEER_M.R00020","Change in REER","31-Jan-2007","-.208787767","Percent","Normal",""
"Nominal/Real Effective Exchange Rates Indices of Pak Rupees","TS_GP_ER_REERNEER_M.R00020","Change in REER","31-Dec-2006","-.688030267","Percent","Normal",""
"Nominal/Real Effective Exchange Rates Indices of Pak Rupees","TS_GP_ER_REERNEER_M.R00020","Change in REER","30-Nov-2006","-1.091908379","Percent","Normal",""
"Nominal/Real Effective Exchange Rates Indices of Pak Rupees","TS_GP_ER_REERNEER_M.R00020","Change in REER","31-Oct-2006",".228549419","Percent","Normal",""
"Nominal/Real Effective Exchange Rates Indices of Pak Rupees","TS_GP_ER_REERNEER_M.R00020","Change in REER","30-Sep-2006",".210347895","Percent","Normal",""
"Nominal/Real Effective Exchange Rates Indices of Pak Rupees","TS_GP_ER_REERNEER_M.R00020","Change in REER","31-Aug-2006",".303011781","Percent","Normal",""
"Nominal/Real Effective Exchange Rates Indices of Pak Rupees","TS_GP_ER_REERNEER_M.R00020","Change in REER","31-Jul-2006","1.32496058","Percent","Normal",""
"Nominal/Real Effective Exchange Rates Indices of Pak Rupees","TS_GP_ER_REERNEER_M.R00020","Change in REER","30-Jun-2006","1.259141159","Percent","Normal",""
"Nominal/Real Effective Exchange Rates Indices of Pak Rupees","TS_GP_ER_REERNEER_M.R00020","Change in REER","31-May-2006","-1.852309812","Percent","Normal",""
"Nominal/Real Effective Exchange Rates Indices of Pak Rupees","TS_GP_ER_REERNEER_M.R00020","Change in REER","30-Apr-2006","-.447705381","Percent","Normal",""
"Nominal/Real Effective Exchange Rates Indices of Pak Rupees","TS_GP_ER_REERNEER_M.R00020","Change in REER","31-Mar-2006","-.364868577","Percent","Normal",""
"Nominal/Real Effective Exchange Rates Indices of Pak Rupees","TS_GP_ER_REERNEER_M.R00020","Change in REER","28-Feb-2006",".374531263","Percent","Normal",""
"Nominal/Real Effective Exchange Rates Indices of Pak Rupees","TS_GP_ER_REERNEER_M.R00020","Change in REER","31-Jan-2006","-.451343986","Percent","Normal",""
"Nominal/Real Effective Exchange Rates Indices of Pak Rupees","TS_GP_ER_REERNEER_M.R00020","Change in REER","31-Dec-2005","-.973896156","Percent","Normal",""
"Nominal/Real Effective Exchange Rates Indices of Pak Rupees","TS_GP_ER_REERNEER_M.R00020","Change in REER","30-Nov-2005","1.96082867","Percent","Normal",""
"Nominal/Real Effective Exchange Rates Indices of Pak Rupees","TS_GP_ER_REERNEER_M.R00020","Change in REER","31-Oct-2005","1.915024891","Percent","Normal",""
"Nominal/Real Effective Exchange Rates Indices of Pak Rupees","TS_GP_ER_REERNEER_M.R00020","Change in REER","30-Sep-2005","-.356368291","Percent","Normal",""
"Nominal/Real Effective Exchange Rates Indices of Pak Rupees","TS_GP_ER_REERNEER_M.R00020","Change in REER","31-Aug-2005","-1.498108226","Percent","Normal",""
"Nominal/Real Effective Exchange Rates Indices of Pak Rupees","TS_GP_ER_REERNEER_M.R00020","Change in REER","31-Jul-2005","2.217242232","Percent","Normal",""
"Nominal/Real Effective Exchange Rates Indices of Pak Rupees","TS_GP_ER_REERNEER_M.R00020","Change in REER","30-Jun-2005","1.333256752","Percent","Normal",""
"Nominal/Real Effective Exchange Rates Indices of Pak Rupees","TS_GP_ER_REERNEER_M.R00020","Change in REER","31-May-2005","-.551440135","Percent","Normal",""
"Nominal/Real Effective Exchange Rates Indices of Pak Rupees","TS_GP_ER_REERNEER_M.R00020","Change in REER","30-Apr-2005","2.410830213","Percent","Normal",""
"Nominal/Real Effective Exchange Rates Indices of Pak Rupees","TS_GP_ER_REERNEER_M.R00020","Change in REER","31-Mar-2005",".431966556","Percent","Normal",""
"Nominal/Real Effective Exchange Rates Indices of Pak Rupees","TS_GP_ER_REERNEER_M.R00020","Change in REER","28-Feb-2005",".748743537","Percent","Normal",""
"Nominal/Real Effective Exchange Rates Indices of Pak Rupees","TS_GP_ER_REERNEER_M.R00020","Change in REER","31-Jan-2005","1.878303896","Percent","Normal",""
"Nominal/Real Effective Exchange Rates Indices of Pak Rupees","TS_GP_ER_REERNEER_M.R00020","Change in REER","31-Dec-2004","-2.422849463","Percent","Normal",""
"Nominal/Real Effective Exchange Rates Indices of Pak Rupees","TS_GP_ER_REERNEER_M.R00020","Change in REER","30-Nov-2004","-1.278949511","Percent","Normal",""
"Nominal/Real Effective Exchange Rates Indices of Pak Rupees","TS_GP_ER_REERNEER_M.R00020","Change in REER","31-Oct-2004","-.549171635","Percent","Normal",""
"Nominal/Real Effective Exchange Rates Indices of Pak Rupees","TS_GP_ER_REERNEER_M.R00020","Change in REER","30-Sep-2004","-.851393242","Percent","Normal",""
"Nominal/Real Effective Exchange Rates Indices of Pak Rupees","TS_GP_ER_REERNEER_M.R00020","Change in REER","31-Aug-2004",".302439604","Percent","Normal",""
"Nominal/Real Effective Exchange Rates Indices of Pak Rupees","TS_GP_ER_REERNEER_M.R00020","Change in REER","31-Jul-2004",".300024549","Percent","Normal",""
"Nominal/Real Effective Exchange Rates Indices of Pak Rupees","TS_GP_ER_REERNEER_M.R00020","Change in REER","30-Jun-2004",".026292611","Percent","Normal",""
"Nominal/Real Effective Exchange Rates Indices of Pak Rupees","TS_GP_ER_REERNEER_M.R00020","Change in REER","31-May-2004","1.20512758","Percent","Normal",""
"Nominal/Real Effective Exchange Rates Indices of Pak Rupees","TS_GP_ER_REERNEER_M.R00020","Change in REER","30-Apr-2004",".871366555","Percent","Normal",""
"Nominal/Real Effective Exchange Rates Indices of Pak Rupees","TS_GP_ER_REERNEER_M.R00020","Change in REER","31-Mar-2004","1.877565718","Percent","Normal",""
"Nominal/Real Effective Exchange Rates Indices of Pak Rupees","TS_GP_ER_REERNEER_M.R00020","Change in REER","29-Feb-2004","-.84966462","Percent","Normal",""
"Nominal/Real Effective Exchange Rates Indices of Pak Rupees","TS_GP_ER_REERNEER_M.R00020","Change in REER","31-Jan-2004","-2.030017721","Percent","Normal",""
"Nominal/Real Effective Exchange Rates Indices of Pak Rupees","TS_GP_ER_REERNEER_M.R00020","Change in REER","31-Dec-2003","-.863325351","Percent","Normal",""
"Nominal/Real Effective Exchange Rates Indices of Pak Rupees","TS_GP_ER_REERNEER_M.R00020","Change in REER","30-Nov-2003",".994499582","Percent","Normal",""
"Nominal/Real Effective Exchange Rates Indices of Pak Rupees","TS_GP_ER_REERNEER_M.R00020","Change in REER","31-Oct-2003","-.348203293","Percent","Normal",""
"Nominal/Real Effective Exchange Rates Indices of Pak Rupees","TS_GP_ER_REERNEER_M.R00020","Change in REER","30-Sep-2003","-.574493616","Percent","Normal",""
"Nominal/Real Effective Exchange Rates Indices of Pak Rupees","TS_GP_ER_REERNEER_M.R00020","Change in REER","31-Aug-2003",".974479808","Percent","Normal",""
"Nominal/Real Effective Exchange Rates Indices of Pak Rupees","TS_GP_ER_REERNEER_M.R00020","Change in REER","31-Jul-2003","1.410972801","Percent","Normal",""
"Nominal/Real Effective Exchange Rates Indices of Pak Rupees","TS_GP_ER_REERNEER_M.R00020","Change in REER","30-Jun-2003","-.581516584","Percent","Normal",""
"Nominal/Real Effective Exchange Rates Indices of Pak Rupees","TS_GP_ER_REERNEER_M.R00020","Change in REER","31-May-2003","-2.756054903","Percent","Normal",""
"Nominal/Real Effective Exchange Rates Indices of Pak Rupees","TS_GP_ER_REERNEER_M.R00020","Change in REER","30-Apr-2003",".351208777","Percent","Normal",""
"Nominal/Real Effective Exchange Rates Indices of Pak Rupees","TS_GP_ER_REERNEER_M.R00020","Change in REER","31-Mar-2003",".039958408","Percent","Normal",""
"Nominal/Real Effective Exchange Rates Indices of Pak Rupees","TS_GP_ER_REERNEER_M.R00020","Change in REER","28-Feb-2003",".056391358","Percent","Normal",""
"Nominal/Real Effective Exchange Rates Indices of Pak Rupees","TS_GP_ER_REERNEER_M.R00020","Change in REER","31-Jan-2003","-1.556065582","Percent","Normal",""
"Nominal/Real Effective Exchange Rates Indices of Pak Rupees","TS_GP_ER_REERNEER_M.R00020","Change in REER","31-Dec-2002","-.888229341","Percent","Normal",""
"Nominal/Real Effective Exchange Rates Indices of Pak Rupees","TS_GP_ER_REERNEER_M.R00020","Change in REER","30-Nov-2002","-.043248855","Percent","Normal",""
"Nominal/Real Effective Exchange Rates Indices of Pak Rupees","TS_GP_ER_REERNEER_M.R00020","Change in REER","31-Oct-2002",".568176089","Percent","Normal",""
"Nominal/Real Effective Exchange Rates Indices of Pak Rupees","TS_GP_ER_REERNEER_M.R00020","Change in REER","30-Sep-2002",".211592701","Percent","Normal",""
"Nominal/Real Effective Exchange Rates Indices of Pak Rupees","TS_GP_ER_REERNEER_M.R00020","Change in REER","31-Aug-2002","1.396453349","Percent","Normal",""
"Nominal/Real Effective Exchange Rates Indices of Pak Rupees","TS_GP_ER_REERNEER_M.R00020","Change in REER","31-Jul-2002","-.105510172","Percent","Normal",""
"Nominal/Real Effective Exchange Rates Indices of Pak Rupees","TS_GP_ER_REERNEER_M.R00020","Change in REER","30-Jun-2002","-.935926668","Percent","Normal",""
"Nominal/Real Effective Exchange Rates Indices of Pak Rupees","TS_GP_ER_REERNEER_M.R00020","Change in REER","31-May-2002","-2.227486105","Percent","Normal",""
"Nominal/Real Effective Exchange Rates Indices of Pak Rupees","TS_GP_ER_REERNEER_M.R00020","Change in REER","30-Apr-2002","-.535044816","Percent","Normal",""
"Nominal/Real Effective Exchange Rates Indices of Pak Rupees","TS_GP_ER_REERNEER_M.R00020","Change in REER","31-Mar-2002",".788517237","Percent","Normal",""
"Nominal/Real Effective Exchange Rates Indices of Pak Rupees","TS_GP_ER_REERNEER_M.R00020","Change in REER","28-Feb-2002","1.251384765","Percent","Normal",""
"Nominal/Real Effective Exchange Rates Indices of Pak Rupees","TS_GP_ER_REERNEER_M.R00020","Change in REER","31-Jan-2002",".593997018","Percent","Normal",""
"Nominal/Real Effective Exchange Rates Indices of Pak Rupees","TS_GP_ER_REERNEER_M.R00020","Change in REER","31-Dec-2001",".531908844","Percent","Normal",""
"Nominal/Real Effective Exchange Rates Indices of Pak Rupees","TS_GP_ER_REERNEER_M.R00020","Change in REER","30-Nov-2001","2.708536384","Percent","Normal",""
"Nominal/Real Effective Exchange Rates Indices of Pak Rupees","TS_GP_ER_REERNEER_M.R00020","Change in REER","31-Oct-2001","3.470930441","Percent","Normal",""
"Nominal/Real Effective Exchange Rates Indices of Pak Rupees","TS_GP_ER_REERNEER_M.R00020","Change in REER","30-Sep-2001","-.66029316","Percent","Normal",""
"Nominal/Real Effective Exchange Rates Indices of Pak Rupees","TS_GP_ER_REERNEER_M.R00020","Change in REER","31-Aug-2001","-.747212937","Percent","Normal",""
